academic	1800	372	1
academic	1801	363	1
academic	1802	310	1
academic	1803	464	1
academic	1804	466	1
academic	1805	394	1
academic	1806	522	1
academic	1807	519	1
academic	1808	593	1
academic	1809	473	1
academic	1810	776	1
academic	1811	660	1
academic	1812	691	1
academic	1813	566	1
academic	1814	709	1
academic	1815	733	1
academic	1816	717	1
academic	1817	1085	1
academic	1818	916	1
academic	1819	1021	1
academic	1820	780	1
academic	1821	849	1
academic	1822	1282	1
academic	1823	1167	1
academic	1824	1438	1
academic	1825	1303	1
academic	1826	1367	1
academic	1827	1509	1
academic	1828	1676	1
academic	1829	1338	1
academic	1830	1650	1
academic	1831	2290	1
academic	1832	4915	1
academic	1833	2366	1
academic	1834	3333	1
academic	1835	3744	1
academic	1836	2686	1
academic	1837	2546	1
academic	1838	2413	1
academic	1839	2228	1
academic	1840	2435	1
academic	1841	2455	1
academic	1842	2543	1
academic	1843	5497	1
academic	1844	3153	1
academic	1845	3416	1
academic	1846	2668	1
academic	1847	3141	1
academic	1848	3456	1
academic	1849	3415	1
academic	1850	4218	1
academic	1851	5012	1
academic	1852	4861	1
academic	1853	5530	1
academic	1854	6702	1
academic	1855	4447	1
academic	1856	5316	1
academic	1857	6169	1
academic	1858	4986	1
academic	1859	5505	1
academic	1860	6650	1
academic	1861	6379	1
academic	1862	4453	1
academic	1863	4694	1
academic	1864	4184	1
academic	1865	4763	1
academic	1866	5936	1
academic	1867	6904	1
academic	1868	6979	1
academic	1869	11054	1
academic	1870	8239	1
academic	1871	9991	1
academic	1872	10153	1
academic	1873	12537	1
academic	1874	10854	1
academic	1875	10754	1
academic	1876	11939	1
academic	1877	11037	1
academic	1878	13708	1
academic	1879	13556	1
academic	1880	12943	1
academic	1881	16678	1
academic	1882	13545	1
academic	1883	15110	1
academic	1884	16219	1
academic	1885	15508	1
academic	1886	18151	1
academic	1887	17806	1
academic	1888	19618	1
academic	1889	21542	1
academic	1890	24518	1
academic	1891	26094	1
academic	1892	26103	1
academic	1893	30548	1
academic	1894	29336	1
academic	1895	35225	1
academic	1896	34238	1
academic	1897	37586	1
academic	1898	39721	1
academic	1899	44560	1
academic	1900	49487	1
academic	1901	53976	1
academic	1902	57163	1
academic	1903	61309	1
academic	1904	61071	1
academic	1905	59927	1
academic	1906	69302	1
academic	1907	70261	1
academic	1908	70668	1
academic	1909	74874	1
academic	1910	83575	1
academic	1911	88213	1
academic	1912	91727	1
academic	1913	95143	1
academic	1914	95174	1
academic	1915	101782	1
academic	1916	105876	1
academic	1917	105367	1
academic	1918	94025	1
academic	1919	104216	1
academic	1920	105751	1
academic	1921	102294	1
academic	1922	106152	1
academic	1923	70452	1
academic	1924	60272	1
academic	1925	71093	1
academic	1926	89727	1
academic	1927	79010	1
academic	1928	89523	1
academic	1929	88108	1
academic	1930	101561	1
academic	1931	88971	1
academic	1932	90967	1
academic	1933	89307	1
academic	1934	99158	1
academic	1935	93428	1
academic	1936	99362	1
academic	1937	103667	1
academic	1938	103831	1
academic	1939	107531	1
academic	1940	107265	1
academic	1941	104099	1
academic	1942	93230	1
academic	1943	85555	1
academic	1944	85306	1
academic	1945	91945	1
academic	1946	114097	1
academic	1947	127604	1
academic	1948	136668	1
academic	1949	155937	1
academic	1950	149419	1
academic	1951	154386	1
academic	1952	155004	1
academic	1953	174182	1
academic	1954	176625	1
academic	1955	195348	1
academic	1956	189383	1
academic	1957	205789	1
academic	1958	243651	1
academic	1959	261211	1
academic	1960	289089	1
academic	1961	335364	1
academic	1962	346143	1
academic	1963	396682	1
academic	1964	375230	1
academic	1965	431758	1
academic	1966	450898	1
academic	1967	518526	1
academic	1968	541332	1
academic	1969	595632	1
academic	1970	571964	1
academic	1971	588127	1
academic	1972	566767	1
academic	1973	548720	1
academic	1974	547911	1
academic	1975	567201	1
academic	1976	590006	1
academic	1977	602575	1
academic	1978	606403	1
academic	1979	606266	1
academic	1980	614658	1
academic	1981	581685	1
academic	1982	624430	1
academic	1983	637826	1
academic	1984	639117	1
academic	1985	675055	1
academic	1986	706087	1
academic	1987	688745	1
academic	1988	700326	1
academic	1989	751699	1
academic	1990	791291	1
academic	1991	774531	1
academic	1992	809842	1
academic	1993	836430	1
academic	1994	862862	1
academic	1995	864932	1
academic	1996	894991	1
academic	1997	950713	1
academic	1998	936404	1
academic	1999	969087	1
academic	2000	1060970	1
academic	2001	1021107	1
academic	2002	1145576	1
academic	2003	1175600	1
academic	2004	1296218	1
academic	2005	1220628	1
academic	2006	1253056	1
academic	2007	1237962	1
academic	2008	1172971	1
academic	2009	1141637	1
academic	2010	1083727	1
academic	2011	987997	1
academic	2012	1235658	1
academic	2013	1405859	1
academic	2014	1213647	1
academic	2015	1112038	1
academic	2016	1263192	1
academic	2017	1076255	1
academic	2018	951806	1
academic	2019	920857	1
airport	1800	21	1
airport	1801	275	1
airport	1802	1	1
airport	1804	41	1
airport	1805	2	1
airport	1806	12	1
airport	1807	3	1
airport	1808	1	1
airport	1810	7	1
airport	1811	50	1
airport	1812	30	1
airport	1813	1	1
airport	1814	15	1
airport	1815	1	1
airport	1816	5	1
airport	1817	33	1
airport	1819	9	1
airport	1821	84	1
airport	1822	6	1
airport	1823	43	1
airport	1824	1	1
airport	1825	4	1
airport	1826	7	1
airport	1827	7	1
airport	1828	11	1
airport	1829	3	1
airport	1830	129	1
airport	1831	14	1
airport	1832	4136	1
airport	1833	4	1
airport	1834	81	1
airport	1835	132	1
airport	1836	9	1
airport	1837	6	1
airport	1838	14	1
airport	1839	10	1
airport	1840	23	1
airport	1841	24	1
airport	1842	3	1
airport	1843	6	1
airport	1844	9	1
airport	1845	42	1
airport	1846	5	1
airport	1847	55	1
airport	1848	6	1
airport	1849	6	1
airport	1850	13	1
airport	1851	10	1
airport	1852	5	1
airport	1853	87	1
airport	1854	4	1
airport	1855	13	1
airport	1856	43	1
airport	1857	221	1
airport	1858	14	1
airport	1859	87	1
airport	1860	38	1
airport	1861	308	1
airport	1862	16	1
airport	1863	14	1
airport	1864	6	1
airport	1865	55	1
airport	1866	26	1
airport	1867	7	1
airport	1868	92	1
airport	1869	59	1
airport	1870	27	1
airport	1871	19	1
airport	1872	15	1
airport	1873	14	1
airport	1874	89	1
airport	1875	163	1
airport	1876	25	1
airport	1877	34	1
airport	1878	30	1
airport	1879	63	1
airport	1880	76	1
airport	1881	264	1
airport	1882	20	1
airport	1883	37	1
airport	1884	67	1
airport	1885	82	1
airport	1886	90	1
airport	1887	65	1
airport	1888	38	1
airport	1889	80	1
airport	1890	398	1
airport	1891	296	1
airport	1892	956	1
airport	1893	451	1
airport	1894	190	1
airport	1895	90	1
airport	1896	215	1
airport	1897	56	1
airport	1898	182	1
airport	1899	114	1
airport	1900	599	1
airport	1901	124	1
airport	1902	65	1
airport	1903	163	1
airport	1904	135	1
airport	1905	177	1
airport	1906	480	1
airport	1907	111	1
airport	1908	90	1
airport	1909	598	1
airport	1910	255	1
airport	1911	164	1
airport	1912	464	1
airport	1913	1293	1
airport	1914	147	1
airport	1915	216	1
airport	1916	224	1
airport	1917	205	1
airport	1918	277	1
airport	1919	924	1
airport	1920	955	1
airport	1921	743	1
airport	1922	732	1
airport	1923	1367	1
airport	1924	6461	1
airport	1925	2516	1
airport	1926	3080	1
airport	1927	9996	1
airport	1928	25277	1
airport	1929	54051	1
airport	1930	48864	1
airport	1931	30807	1
airport	1932	21361	1
airport	1933	19374	1
airport	1934	16966	1
airport	1935	26793	1
airport	1936	28968	1
airport	1937	38555	1
airport	1938	40262	1
airport	1939	42680	1
airport	1940	56407	1
airport	1941	66967	1
airport	1942	49665	1
airport	1943	65474	1
airport	1944	88917	1
airport	1945	128525	1
airport	1946	125903	1
airport	1947	149610	1
airport	1948	131790	1
airport	1949	116426	1
airport	1950	85003	1
airport	1951	84612	1
airport	1952	85372	1
airport	1953	85298	1
airport	1954	97529	1
airport	1955	101711	1
airport	1956	97985	1
airport	1957	120895	1
airport	1958	115072	1
airport	1959	135168	1
airport	1960	124462	1
airport	1961	153623	1
airport	1962	147079	1
airport	1963	162274	1
airport	1964	146228	1
airport	1965	151241	1
airport	1966	163113	1
airport	1967	177007	1
airport	1968	205244	1
airport	1969	263375	1
airport	1970	238985	1
airport	1971	260208	1
airport	1972	260492	1
airport	1973	259298	1
airport	1974	231287	1
airport	1975	236638	1
airport	1976	230844	1
airport	1977	240706	1
airport	1978	244868	1
airport	1979	241128	1
airport	1980	246997	1
airport	1981	219421	1
airport	1982	241343	1
airport	1983	224608	1
airport	1984	232028	1
airport	1985	235788	1
airport	1986	257562	1
airport	1987	256254	1
airport	1988	255971	1
airport	1989	279128	1
airport	1990	322062	1
airport	1991	311688	1
airport	1992	323405	1
airport	1993	302024	1
airport	1994	330316	1
airport	1995	326288	1
airport	1996	360566	1
airport	1997	322512	1
airport	1998	324195	1
airport	1999	313683	1
airport	2000	371347	1
airport	2001	410510	1
airport	2002	409849	1
airport	2003	422721	1
airport	2004	424602	1
airport	2005	379403	1
airport	2006	382084	1
airport	2007	418333	1
airport	2008	421711	1
airport	2009	413958	1
airport	2010	413089	1
airport	2011	451124	1
airport	2012	517949	1
airport	2013	457922	1
airport	2014	443176	1
airport	2015	353801	1
airport	2016	376768	1
airport	2017	332441	1
airport	2018	281258	1
airport	2019	267219	1
cat	1800	2888	1
cat	1801	2613	1
cat	1802	1838	1
cat	1803	2649	1
cat	1804	2416	1
cat	1805	3118	1
cat	1806	4265	1
cat	1807	4640	1
cat	1808	5212	1
cat	1809	4957	1
cat	1810	5433	1
cat	1811	4532	1
cat	1812	5224	1
cat	1813	4937	1
cat	1814	3388	1
cat	1815	5189	1
cat	1816	4578	1
cat	1817	4578	1
cat	1818	4651	1
cat	1819	6009	1
cat	1820	5878	1
cat	1821	7363	1
cat	1822	8098	1
cat	1823	8801	1
cat	1824	9381	1
cat	1825	10267	1
cat	1826	8451	1
cat	1827	10062	1
cat	1828	8829	1
cat	1829	10756	1
cat	1830	11466	1
cat	1831	11897	1
cat	1832	13586	1
cat	1833	13493	1
cat	1834	15651	1
cat	1835	15908	1
cat	1836	13989	1
cat	1837	14205	1
cat	1838	16557	1
cat	1839	16093	1
cat	1840	14382	1
cat	1841	15489	1
cat	1842	16402	1
cat	1843	15060	1
cat	1844	15098	1
cat	1845	16729	1
cat	1846	15734	1
cat	1847	17029	1
cat	1848	15841	1
cat	1849	17626	1
cat	1850	18446	1
cat	1851	22748	1
cat	1852	24629	1
cat	1853	24474	1
cat	1854	26454	1
cat	1855	24373	1
cat	1856	25312	1
cat	1857	27610	1
cat	1858	22911	1
cat	1859	24882	1
cat	1860	29022	1
cat	1861	21555	1
cat	1862	21942	1
cat	1863	21489	1
cat	1864	21620	1
cat	1865	21492	1
cat	1866	26685	1
cat	1867	28392	1
cat	1868	30451	1
cat	1869	30684	1
cat	1870	36057	1
cat	1871	31704	1
cat	1872	35723	1
cat	1873	34254	1
cat	1874	41093	1
cat	1875	34887	1
cat	1876	36636	1
cat	1877	33169	1
cat	1878	35882	1
cat	1879	41416	1
cat	1880	42509	1
cat	1881	43582	1
cat	1882	41790	1
cat	1883	51691	1
cat	1884	46150	1
cat	1885	46334	1
cat	1886	44028	1
cat	1887	44939	1
cat	1888	48775	1
cat	1889	50869	1
cat	1890	51780	1
cat	1891	50528	1
cat	1892	55718	1
cat	1893	53987	1
cat	1894	56345	1
cat	1895	66280	1
cat	1896	65197	1
cat	1897	61732	1
cat	1898	68507	1
cat	1899	79661	1
cat	1900	85113	1
cat	1901	78226	1
cat	1902	75122	1
cat	1903	77946	1
cat	1904	80654	1
cat	1905	78016	1
cat	1906	83519	1
cat	1907	87884	1
cat	1908	83442	1
cat	1909	81239	1
cat	1910	88027	1
cat	1911	90638	1
cat	1912	91098	1
cat	1913	87866	1
cat	1914	87652	1
cat	1915	82461	1
cat	1916	87704	1
cat	1917	84867	1
cat	1918	70909	1
cat	1919	77695	1
cat	1920	94437	1
cat	1921	91522	1
cat	1922	96881	1
cat	1923	64593	1
cat	1924	45960	1
cat	1925	57518	1
cat	1926	58048	1
cat	1927	55541	1
cat	1928	59850	1
cat	1929	63354	1
cat	1930	57089	1
cat	1931	54540	1
cat	1932	51200	1
cat	1933	49146	1
cat	1934	50765	1
cat	1935	57957	1
cat	1936	59363	1
cat	1937	60340	1
cat	1938	61919	1
cat	1939	57680	1
cat	1940	59738	1
cat	1941	52053	1
cat	1942	48503	1
cat	1943	45297	1
cat	1944	46542	1
cat	1945	49198	1
cat	1946	63826	1
cat	1947	67240	1
cat	1948	63731	1
cat	1949	76741	1
cat	1950	82845	1
cat	1951	75801	1
cat	1952	75487	1
cat	1953	83623	1
cat	1954	79464	1
cat	1955	83434	1
cat	1956	87019	1
cat	1957	91014	1
cat	1958	97996	1
cat	1959	97705	1
cat	1960	105566	1
cat	1961	119953	1
cat	1962	121971	1
cat	1963	132657	1
cat	1964	124577	1
cat	1965	135206	1
cat	1966	147120	1
cat	1967	161328	1
cat	1968	170970	1
cat	1969	175070	1
cat	1970	178204	1
cat	1971	169029	1
cat	1972	175211	1
cat	1973	188471	1
cat	1974	183262	1
cat	1975	195012	1
cat	1976	213406	1
cat	1977	216944	1
cat	1978	228524	1
cat	1979	215716	1
cat	1980	225512	1
cat	1981	224664	1
cat	1982	212228	1
cat	1983	243484	1
cat	1984	269106	1
cat	1985	271924	1
cat	1986	280954	1
cat	1987	271519	1
cat	1988	272702	1
cat	1989	308651	1
cat	1990	309288	1
cat	1991	277750	1
cat	1992	303186	1
cat	1993	294906	1
cat	1994	317022	1
cat	1995	306857	1
cat	1996	361589	1
cat	1997	328558	1
cat	1998	336428	1
cat	1999	349461	1
cat	2000	426070	1
cat	2001	398594	1
cat	2002	426055	1
cat	2003	468582	1
cat	2004	490727	1
cat	2005	480103	1
cat	2006	502012	1
cat	2007	549499	1
cat	2008	575026	1
cat	2009	599551	1
cat	2010	577921	1
cat	2011	671136	1
cat	2012	833263	1
cat	2013	807190	1
cat	2014	779914	1
cat	2015	675170	1
cat	2016	618240	1
cat	2017	682454	1
cat	2018	619675	1
cat	2019	561097	1
dog	1800	7956	1
dog	1801	7558	1
dog	1802	5041	1
dog	1803	8231	1
dog	1804	7920	1
dog	1805	8662	1
dog	1806	11406	1
dog	1807	13184	1
dog	1808	15352	1
dog	1809	14219	1
dog	1810	14741	1
dog	1811	13776	1
dog	1812	15372	1
dog	1813	13489	1
dog	1814	11595	1
dog	1815	12121	1
dog	1816	14501	1
dog	1817	16727	1
dog	1818	15827	1
dog	1819	18270	1
dog	1820	19704	1
dog	1821	21267	1
dog	1822	23530	1
dog	1823	28466	1
dog	1824	31162	1
dog	1825	31363	1
dog	1826	27839	1
dog	1827	26881	1
dog	1828	26693	1
dog	1829	35427	1
dog	1830	37406	1
dog	1831	36950	1
dog	1832	44612	1
dog	1833	44822	1
dog	1834	45370	1
dog	1835	50342	1
dog	1836	43790	1
dog	1837	47816	1
dog	1838	41999	1
dog	1839	51922	1
dog	1840	46791	1
dog	1841	53345	1
dog	1842	52428	1
dog	1843	49519	1
dog	1844	53943	1
dog	1845	62983	1
dog	1846	56491	1
dog	1847	53260	1
dog	1848	54923	1
dog	1849	52177	1
dog	1850	59572	1
dog	1851	68036	1
dog	1852	71463	1
dog	1853	72361	1
dog	1854	80820	1
dog	1855	75222	1
dog	1856	85399	1
dog	1857	89496	1
dog	1858	71319	1
dog	1859	81196	1
dog	1860	85688	1
dog	1861	71923	1
dog	1862	65476	1
dog	1863	67658	1
dog	1864	71896	1
dog	1865	75819	1
dog	1866	84649	1
dog	1867	87991	1
dog	1868	94256	1
dog	1869	94019	1
dog	1870	94637	1
dog	1871	94937	1
dog	1872	112425	1
dog	1873	106942	1
dog	1874	116820	1
dog	1875	112443	1
dog	1876	108705	1
dog	1877	112219	1
dog	1878	113350	1
dog	1879	112945	1
dog	1880	131215	1
dog	1881	118095	1
dog	1882	114372	1
dog	1883	135614	1
dog	1884	133098	1
dog	1885	129977	1
dog	1886	129441	1
dog	1887	141413	1
dog	1888	144148	1
dog	1889	146557	1
dog	1890	156694	1
dog	1891	157729	1
dog	1892	174281	1
dog	1893	167633	1
dog	1894	159351	1
dog	1895	188650	1
dog	1896	185654	1
dog	1897	204711	1
dog	1898	214358	1
dog	1899	249150	1
dog	1900	235394	1
dog	1901	239039	1
dog	1902	233623	1
dog	1903	244837	1
dog	1904	253687	1
dog	1905	239658	1
dog	1906	268231	1
dog	1907	261479	1
dog	1908	269309	1
dog	1909	266818	1
dog	1910	286012	1
dog	1911	287083	1
dog	1912	298945	1
dog	1913	278738	1
dog	1914	270623	1
dog	1915	263090	1
dog	1916	254483	1
dog	1917	263647	1
dog	1918	224221	1
dog	1919	243028	1
dog	1920	258488	1
dog	1921	251224	1
dog	1922	260490	1
dog	1923	165932	1
dog	1924	138609	1
dog	1925	158009	1
dog	1926	157338	1
dog	1927	171664	1
dog	1928	179752	1
dog	1929	175441	1
dog	1930	178419	1
dog	1931	168476	1
dog	1932	162405	1
dog	1933	139519	1
dog	1934	159110	1
dog	1935	175652	1
dog	1936	171562	1
dog	1937	172016	1
dog	1938	179308	1
dog	1939	174168	1
dog	1940	171803	1
dog	1941	165510	1
dog	1942	144787	1
dog	1943	133803	1
dog	1944	127410	1
dog	1945	133260	1
dog	1946	159757	1
dog	1947	175518	1
dog	1948	178409	1
dog	1949	212803	1
dog	1950	196025	1
dog	1951	187600	1
dog	1952	201734	1
dog	1953	201502	1
dog	1954	203400	1
dog	1955	205438	1
dog	1956	220508	1
dog	1957	219033	1
dog	1958	235132	1
dog	1959	236870	1
dog	1960	253940	1
dog	1961	274812	1
dog	1962	270967	1
dog	1963	293608	1
dog	1964	260634	1
dog	1965	292992	1
dog	1966	317124	1
dog	1967	323702	1
dog	1968	335385	1
dog	1969	330172	1
dog	1970	341868	1
dog	1971	315293	1
dog	1972	315593	1
dog	1973	324599	1
dog	1974	322620	1
dog	1975	335535	1
dog	1976	375144	1
dog	1977	380234	1
dog	1978	371678	1
dog	1979	359566	1
dog	1980	366539	1
dog	1981	348769	1
dog	1982	357038	1
dog	1983	392207	1
dog	1984	391211	1
dog	1985	406067	1
dog	1986	406854	1
dog	1987	440827	1
dog	1988	429309	1
dog	1989	473835	1
dog	1990	503351	1
dog	1991	457154	1
dog	1992	475754	1
dog	1993	475374	1
dog	1994	527217	1
dog	1995	547038	1
dog	1996	574299	1
dog	1997	559014	1
dog	1998	611964	1
dog	1999	650285	1
dog	2000	776682	1
dog	2001	740549	1
dog	2002	797716	1
dog	2003	865842	1
dog	2004	926621	1
dog	2005	998683	1
dog	2006	1037004	1
dog	2007	1128658	1
dog	2008	1226906	1
dog	2009	1335219	1
dog	2010	1412206	1
dog	2011	1633082	1
dog	2012	1783627	1
dog	2013	1752630	1
dog	2014	1710186	1
dog	2015	1456061	1
dog	2016	1282856	1
dog	2017	1489436	1
dog	2018	1369668	1
dog	2019	1273860	1
economically	1800	137	1
economically	1801	74	1
economically	1802	63	1
economically	1803	62	1
economically	1804	72	1
economically	1805	92	1
economically	1806	101	1
economically	1807	171	1
economically	1808	143	1
economically	1809	130	1
economically	1810	102	1
economically	1811	68	1
economically	1812	317	1
economically	1813	109	1
economically	1814	190	1
economically	1815	227	1
economically	1816	312	1
economically	1817	172	1
economically	1818	243	1
economically	1819	261	1
economically	1820	200	1
economically	1821	347	1
economically	1822	334	1
economically	1823	476	1
economically	1824	476	1
economically	1825	558	1
economically	1826	524	1
economically	1827	519	1
economically	1828	550	1
economically	1829	573	1
economically	1830	867	1
economically	1831	864	1
economically	1832	4238	1
economically	1833	1028	1
economically	1834	1272	1
economically	1835	1307	1
economically	1836	1626	1
economically	1837	1186	1
economically	1838	1351	1
economically	1839	1459	1
economically	1840	1211	1
economically	1841	1740	1
economically	1842	1788	1
economically	1843	1890	1
economically	1844	2225	1
economically	1845	2291	1
economically	1846	2676	1
economically	1847	2445	1
economically	1848	2845	1
economically	1849	3529	1
economically	1850	3272	1
economically	1851	3714	1
economically	1852	3850	1
economically	1853	4186	1
economically	1854	4691	1
economically	1855	4118	1
economically	1856	4095	1
economically	1857	4216	1
economically	1858	4781	1
economically	1859	4770	1
economically	1860	5422	1
economically	1861	4535	1
economically	1862	4603	1
economically	1863	4266	1
economically	1864	4552	1
economically	1865	4989	1
economically	1866	5546	1
economically	1867	6504	1
economically	1868	6380	1
economically	1869	7289	1
economically	1870	7567	1
economically	1871	6251	1
economically	1872	7635	1
economically	1873	7563	1
economically	1874	8850	1
economically	1875	7679	1
economically	1876	9040	1
economically	1877	8321	1
economically	1878	8373	1
economically	1879	8980	1
economically	1880	9777	1
economically	1881	9844	1
economically	1882	10846	1
economically	1883	11162	1
economically	1884	12344	1
economically	1885	11947	1
economically	1886	12626	1
economically	1887	12716	1
economically	1888	14937	1
economically	1889	14911	1
economically	1890	15119	1
economically	1891	15842	1
economically	1892	18262	1
economically	1893	19529	1
economically	1894	20558	1
economically	1895	21743	1
economically	1896	20480	1
economically	1897	23348	1
economically	1898	23484	1
economically	1899	23964	1
economically	1900	28220	1
economically	1901	27835	1
economically	1902	31180	1
economically	1903	32045	1
economically	1904	33477	1
economically	1905	38728	1
economically	1906	41661	1
economically	1907	43088	1
economically	1908	47878	1
economically	1909	51268	1
economically	1910	54007	1
economically	1911	62348	1
economically	1912	66410	1
economically	1913	69940	1
economically	1914	70363	1
economically	1915	69846	1
economically	1916	79507	1
economically	1917	77924	1
economically	1918	78750	1
economically	1919	87843	1
economically	1920	93825	1
economically	1921	96903	1
economically	1922	99716	1
economically	1923	57339	1
economically	1924	48919	1
economically	1925	56312	1
economically	1926	54596	1
economically	1927	56390	1
economically	1928	62256	1
economically	1929	59850	1
economically	1930	69041	1
economically	1931	63568	1
economically	1932	62801	1
economically	1933	54256	1
economically	1934	59900	1
economically	1935	65094	1
economically	1936	66814	1
economically	1937	67507	1
economically	1938	72159	1
economically	1939	79812	1
economically	1940	73259	1
economically	1941	75658	1
economically	1942	66881	1
economically	1943	62774	1
economically	1944	63892	1
economically	1945	72013	1
economically	1946	86228	1
economically	1947	105921	1
economically	1948	107407	1
economically	1949	124314	1
economically	1950	116327	1
economically	1951	111338	1
economically	1952	115227	1
economically	1953	119206	1
economically	1954	124866	1
economically	1955	143187	1
economically	1956	144589	1
economically	1957	151908	1
economically	1958	155283	1
economically	1959	170919	1
economically	1960	179160	1
economically	1961	193259	1
economically	1962	201192	1
economically	1963	215480	1
economically	1964	203532	1
economically	1965	221488	1
economically	1966	234736	1
economically	1967	259265	1
economically	1968	261871	1
economically	1969	264279	1
economically	1970	262730	1
economically	1971	274005	1
economically	1972	281323	1
economically	1973	288194	1
economically	1974	288293	1
economically	1975	309753	1
economically	1976	322829	1
economically	1977	329643	1
economically	1978	329664	1
economically	1979	334700	1
economically	1980	330989	1
economically	1981	313162	1
economically	1982	318188	1
economically	1983	302512	1
economically	1984	300277	1
economically	1985	297767	1
economically	1986	290630	1
economically	1987	278754	1
economically	1988	288473	1
economically	1989	294562	1
economically	1990	314639	1
economically	1991	301796	1
economically	1992	315308	1
economically	1993	312753	1
economically	1994	310364	1
economically	1995	318281	1
economically	1996	302342	1
economically	1997	285008	1
economically	1998	284406	1
economically	1999	276042	1
economically	2000	294258	1
economically	2001	280798	1
economically	2002	300849	1
economically	2003	300915	1
economically	2004	297675	1
economically	2005	282795	1
economically	2006	277791	1
economically	2007	280292	1
economically	2008	262591	1
economically	2009	240138	1
economically	2010	222744	1
economically	2011	200502	1
economically	2012	263854	1
economically	2013	296483	1
economically	2014	229537	1
economically	2015	199509	1
economically	2016	228450	1
economically	2017	200273	1
economically	2018	177023	1
economically	2019	168898	1
fish	1800	14649	1
fish	1801	11508	1
fish	1802	9546	1
fish	1803	15347	1
fish	1804	13311	1
fish	1805	14975	1
fish	1806	19191	1
fish	1807	25655	1
fish	1808	26510	1
fish	1809	30301	1
fish	1810	33950	1
fish	1811	22601	1
fish	1812	29307	1
fish	1813	34111	1
fish	1814	26660	1
fish	1815	33047	1
fish	1816	24444	1
fish	1817	27601	1
fish	1818	31447	1
fish	1819	37379	1
fish	1820	36564	1
fish	1821	30913	1
fish	1822	46770	1
fish	1823	45258	1
fish	1824	57682	1
fish	1825	46739	1
fish	1826	37522	1
fish	1827	42597	1
fish	1828	49210	1
fish	1829	55461	1
fish	1830	53216	1
fish	1831	51226	1
fish	1832	84698	1
fish	1833	70138	1
fish	1834	74715	1
fish	1835	85034	1
fish	1836	89270	1
fish	1837	74457	1
fish	1838	71980	1
fish	1839	81318	1
fish	1840	79578	1
fish	1841	89386	1
fish	1842	90399	1
fish	1843	73878	1
fish	1844	80158	1
fish	1845	103038	1
fish	1846	93403	1
fish	1847	89770	1
fish	1848	78700	1
fish	1849	81321	1
fish	1850	87397	1
fish	1851	112480	1
fish	1852	111301	1
fish	1853	121410	1
fish	1854	145233	1
fish	1855	128802	1
fish	1856	130881	1
fish	1857	125885	1
fish	1858	111307	1
fish	1859	132686	1
fish	1860	146546	1
fish	1861	113874	1
fish	1862	106424	1
fish	1863	113665	1
fish	1864	115901	1
fish	1865	136497	1
fish	1866	135589	1
fish	1867	146126	1
fish	1868	146173	1
fish	1869	161364	1
fish	1870	152612	1
fish	1871	144536	1
fish	1872	171272	1
fish	1873	217189	1
fish	1874	208463	1
fish	1875	194411	1
fish	1876	216129	1
fish	1877	208968	1
fish	1878	279252	1
fish	1879	245438	1
fish	1880	251863	1
fish	1881	199213	1
fish	1882	240731	1
fish	1883	358398	1
fish	1884	423850	1
fish	1885	288336	1
fish	1886	264823	1
fish	1887	325444	1
fish	1888	276172	1
fish	1889	315838	1
fish	1890	262361	1
fish	1891	265398	1
fish	1892	266735	1
fish	1893	271735	1
fish	1894	274848	1
fish	1895	364386	1
fish	1896	316373	1
fish	1897	325138	1
fish	1898	343461	1
fish	1899	360077	1
fish	1900	364199	1
fish	1901	403293	1
fish	1902	411068	1
fish	1903	387222	1
fish	1904	427299	1
fish	1905	427820	1
fish	1906	427694	1
fish	1907	408123	1
fish	1908	417728	1
fish	1909	395844	1
fish	1910	466783	1
fish	1911	493874	1
fish	1912	536094	1
fish	1913	448510	1
fish	1914	455254	1
fish	1915	451759	1
fish	1916	410869	1
fish	1917	431673	1
fish	1918	379340	1
fish	1919	416868	1
fish	1920	429537	1
fish	1921	436316	1
fish	1922	444924	1
fish	1923	345064	1
fish	1924	270907	1
fish	1925	324357	1
fish	1926	322662	1
fish	1927	342649	1
fish	1928	356348	1
fish	1929	399944	1
fish	1930	385104	1
fish	1931	408627	1
fish	1932	319930	1
fish	1933	334764	1
fish	1934	324869	1
fish	1935	332333	1
fish	1936	380335	1
fish	1937	395392	1
fish	1938	399157	1
fish	1939	437665	1
fish	1940	374253	1
fish	1941	434246	1
fish	1942	334658	1
fish	1943	305404	1
fish	1944	357097	1
fish	1945	360561	1
fish	1946	428772	1
fish	1947	452474	1
fish	1948	509207	1
fish	1949	607433	1
fish	1950	598606	1
fish	1951	589344	1
fish	1952	581453	1
fish	1953	638220	1
fish	1954	627098	1
fish	1955	655920	1
fish	1956	639771	1
fish	1957	702949	1
fish	1958	679443	1
fish	1959	727638	1
fish	1960	750291	1
fish	1961	814278	1
fish	1962	850188	1
fish	1963	891007	1
fish	1964	891814	1
fish	1965	979070	1
fish	1966	944711	1
fish	1967	1020805	1
fish	1968	1064147	1
fish	1969	1061428	1
fish	1970	1105941	1
fish	1971	1182540	1
fish	1972	1088340	1
fish	1973	1163366	1
fish	1974	1126027	1
fish	1975	1127963	1
fish	1976	1207210	1
fish	1977	1218058	1
fish	1978	1209506	1
fish	1979	1199942	1
fish	1980	1189241	1
fish	1981	1126962	1
fish	1982	1133265	1
fish	1983	1184433	1
fish	1984	1274621	1
fish	1985	1249772	1
fish	1986	1212535	1
fish	1987	1311622	1
fish	1988	1316299	1
fish	1989	1393683	1
fish	1990	1452992	1
fish	1991	1369432	1
fish	1992	1367584	1
fish	1993	1415688	1
fish	1994	1419317	1
fish	1995	1458704	1
fish	1996	1455309	1
fish	1997	1369928	1
fish	1998	1380893	1
fish	1999	1356153	1
fish	2000	1474383	1
fish	2001	1393948	1
fish	2002	1473383	1
fish	2003	1507337	1
fish	2004	1522453	1
fish	2005	1444081	1
fish	2006	1471396	1
fish	2007	1457765	1
fish	2008	1611562	1
fish	2009	1494790	1
fish	2010	1484996	1
fish	2011	1462314	1
fish	2012	1797089	1
fish	2013	1670038	1
fish	2014	1441595	1
fish	2015	1270465	1
fish	2016	1230353	1
fish	2017	1240793	1
fish	2018	1217139	1
fish	2019	1120999	1
queen	1800	14492	1
queen	1801	25871	1
queen	1802	14053	1
queen	1803	30158	1
queen	1804	27003	1
queen	1805	28230	1
queen	1806	38603	1
queen	1807	32340	1
queen	1808	45581	1
queen	1809	43471	1
queen	1810	85083	1
queen	1811	48731	1
queen	1812	71437	1
queen	1813	63540	1
queen	1814	39193	1
queen	1815	32856	1
queen	1816	61129	1
queen	1817	33996	1
queen	1818	54349	1
queen	1819	51006	1
queen	1820	56276	1
queen	1821	60361	1
queen	1822	65371	1
queen	1823	57853	1
queen	1824	136900	1
queen	1825	89422	1
queen	1826	76793	1
queen	1827	72194	1
queen	1828	78533	1
queen	1829	80639	1
queen	1830	64666	1
queen	1831	61299	1
queen	1832	64961	1
queen	1833	69421	1
queen	1834	55051	1
queen	1835	75095	1
queen	1836	69690	1
queen	1837	76840	1
queen	1838	82564	1
queen	1839	113704	1
queen	1840	131833	1
queen	1841	104429	1
queen	1842	91790	1
queen	1843	117192	1
queen	1844	117051	1
queen	1845	106807	1
queen	1846	88403	1
queen	1847	121435	1
queen	1848	128016	1
queen	1849	106432	1
queen	1850	121633	1
queen	1851	130870	1
queen	1852	119904	1
queen	1853	136305	1
queen	1854	145793	1
queen	1855	103013	1
queen	1856	109036	1
queen	1857	147690	1
queen	1858	88413	1
queen	1859	109094	1
queen	1860	126089	1
queen	1861	85462	1
queen	1862	61797	1
queen	1863	68938	1
queen	1864	99745	1
queen	1865	92856	1
queen	1866	86311	1
queen	1867	118187	1
queen	1868	97019	1
queen	1869	97309	1
queen	1870	93476	1
queen	1871	74464	1
queen	1872	101471	1
queen	1873	89101	1
queen	1874	81202	1
queen	1875	98461	1
queen	1876	96793	1
queen	1877	78417	1
queen	1878	81969	1
queen	1879	98804	1
queen	1880	126156	1
queen	1881	99964	1
queen	1882	110843	1
queen	1883	122845	1
queen	1884	107332	1
queen	1885	121036	1
queen	1886	93898	1
queen	1887	100172	1
queen	1888	116080	1
queen	1889	110898	1
queen	1890	124482	1
queen	1891	106918	1
queen	1892	113263	1
queen	1893	189708	1
queen	1894	120502	1
queen	1895	148033	1
queen	1896	124460	1
queen	1897	116897	1
queen	1898	134439	1
queen	1899	165796	1
queen	1900	166182	1
queen	1901	192353	1
queen	1902	170942	1
queen	1903	119898	1
queen	1904	158283	1
queen	1905	129084	1
queen	1906	127540	1
queen	1907	146060	1
queen	1908	139119	1
queen	1909	135806	1
queen	1910	171371	1
queen	1911	153914	1
queen	1912	121943	1
queen	1913	108028	1
queen	1914	106463	1
queen	1915	91653	1
queen	1916	75729	1
queen	1917	80724	1
queen	1918	60452	1
queen	1919	83092	1
queen	1920	87428	1
queen	1921	85446	1
queen	1922	96217	1
queen	1923	73891	1
queen	1924	68272	1
queen	1925	65238	1
queen	1926	83604	1
queen	1927	71509	1
queen	1928	67679	1
queen	1929	69295	1
queen	1930	61111	1
queen	1931	69257	1
queen	1932	60574	1
queen	1933	47086	1
queen	1934	44527	1
queen	1935	56702	1
queen	1936	56193	1
queen	1937	70767	1
queen	1938	57489	1
queen	1939	59131	1
queen	1940	47966	1
queen	1941	41914	1
queen	1942	36394	1
queen	1943	36669	1
queen	1944	32521	1
queen	1945	41292	1
queen	1946	51928	1
queen	1947	54036	1
queen	1948	58433	1
queen	1949	64106	1
queen	1950	102426	1
queen	1951	56586	1
queen	1952	65476	1
queen	1953	61728	1
queen	1954	62091	1
queen	1955	63419	1
queen	1956	58757	1
queen	1957	59734	1
queen	1958	65436	1
queen	1959	71108	1
queen	1960	70486	1
queen	1961	77907	1
queen	1962	89670	1
queen	1963	92752	1
queen	1964	95431	1
queen	1965	119006	1
queen	1966	104972	1
queen	1967	119599	1
queen	1968	153786	1
queen	1969	121838	1
queen	1970	120963	1
queen	1971	107793	1
queen	1972	90680	1
queen	1973	95303	1
queen	1974	90595	1
queen	1975	85223	1
queen	1976	85889	1
queen	1977	91323	1
queen	1978	89505	1
queen	1979	82178	1
queen	1980	86730	1
queen	1981	86090	1
queen	1982	80777	1
queen	1983	104852	1
queen	1984	98434	1
queen	1985	93630	1
queen	1986	103024	1
queen	1987	110447	1
queen	1988	109406	1
queen	1989	111653	1
queen	1990	120792	1
queen	1991	121815	1
queen	1992	133276	1
queen	1993	138853	1
queen	1994	143918	1
queen	1995	157484	1
queen	1996	157486	1
queen	1997	160225	1
queen	1998	179316	1
queen	1999	188249	1
queen	2000	212238	1
queen	2001	223153	1
queen	2002	235089	1
queen	2003	282234	1
queen	2004	327182	1
queen	2005	279264	1
queen	2006	325938	1
queen	2007	314115	1
queen	2008	370349	1
queen	2009	374291	1
queen	2010	420257	1
queen	2011	410004	1
queen	2012	436696	1
queen	2013	483957	1
queen	2014	486713	1
queen	2015	430607	1
queen	2016	425603	1
queen	2017	482425	1
queen	2018	487598	1
queen	2019	422957	1
query	1800	347	1
query	1801	429	1
query	1802	331	1
query	1803	469	1
query	1804	469	1
query	1805	463	1
query	1806	579	1
query	1807	631	1
query	1808	937	1
query	1809	1065	1
query	1810	1061	1
query	1811	930	1
query	1812	1481	1
query	1813	987	1
query	1814	942	1
query	1815	857	1
query	1816	1060	1
query	1817	1137	1
query	1818	1122	1
query	1819	1175	1
query	1820	1536	1
query	1821	1317	1
query	1822	1834	1
query	1823	1733	1
query	1824	1944	1
query	1825	2096	1
query	1826	1688	1
query	1827	1683	1
query	1828	2082	1
query	1829	2668	1
query	1830	2942	1
query	1831	2694	1
query	1832	3405	1
query	1833	3154	1
query	1834	3779	1
query	1835	3352	1
query	1836	3695	1
query	1837	4115	1
query	1838	4045	1
query	1839	3720	1
query	1840	4191	1
query	1841	4030	1
query	1842	3713	1
query	1843	3478	1
query	1844	3984	1
query	1845	4241	1
query	1846	3763	1
query	1847	4056	1
query	1848	3811	1
query	1849	3914	1
query	1850	5678	1
query	1851	4640	1
query	1852	5138	1
query	1853	5057	1
query	1854	5516	1
query	1855	5179	1
query	1856	5809	1
query	1857	6724	1
query	1858	5431	1
query	1859	5821	1
query	1860	6341	1
query	1861	4510	1
query	1862	5468	1
query	1863	5161	1
query	1864	6768	1
query	1865	6110	1
query	1866	7214	1
query	1867	6784	1
query	1868	8062	1
query	1869	8518	1
query	1870	8890	1
query	1871	9574	1
query	1872	9679	1
query	1873	9268	1
query	1874	9414	1
query	1875	10027	1
query	1876	10754	1
query	1877	10134	1
query	1878	10468	1
query	1879	10973	1
query	1880	11218	1
query	1881	11747	1
query	1882	13075	1
query	1883	12440	1
query	1884	13993	1
query	1885	13678	1
query	1886	13588	1
query	1887	14103	1
query	1888	15520	1
query	1889	14845	1
query	1890	15570	1
query	1891	15806	1
query	1892	16258	1
query	1893	14648	1
query	1894	15906	1
query	1895	15781	1
query	1896	14881	1
query	1897	15231	1
query	1898	16660	1
query	1899	16922	1
query	1900	18820	1
query	1901	16828	1
query	1902	18567	1
query	1903	18491	1
query	1904	19220	1
query	1905	19174	1
query	1906	19548	1
query	1907	20225	1
query	1908	22896	1
query	1909	19534	1
query	1910	20868	1
query	1911	21977	1
query	1912	22901	1
query	1913	22892	1
query	1914	22591	1
query	1915	22359	1
query	1916	22945	1
query	1917	20905	1
query	1918	19746	1
query	1919	20764	1
query	1920	24999	1
query	1921	22226	1
query	1922	22946	1
query	1923	12260	1
query	1924	9537	1
query	1925	10843	1
query	1926	12966	1
query	1927	18042	1
query	1928	16534	1
query	1929	14976	1
query	1930	14425	1
query	1931	12776	1
query	1932	11944	1
query	1933	9514	1
query	1934	10664	1
query	1935	11260	1
query	1936	11533	1
query	1937	11064	1
query	1938	11792	1
query	1939	11553	1
query	1940	11506	1
query	1941	10984	1
query	1942	10322	1
query	1943	9192	1
query	1944	8824	1
query	1945	10387	1
query	1946	11083	1
query	1947	12978	1
query	1948	13101	1
query	1949	15256	1
query	1950	13526	1
query	1951	14211	1
query	1952	13743	1
query	1953	12805	1
query	1954	13739	1
query	1955	14235	1
query	1956	15061	1
query	1957	15508	1
query	1958	15931	1
query	1959	16494	1
query	1960	17865	1
query	1961	18145	1
query	1962	19321	1
query	1963	21493	1
query	1964	21516	1
query	1965	25039	1
query	1966	26637	1
query	1967	31820	1
query	1968	33795	1
query	1969	34576	1
query	1970	34272	1
query	1971	29410	1
query	1972	31078	1
query	1973	30515	1
query	1974	31329	1
query	1975	31390	1
query	1976	33461	1
query	1977	38559	1
query	1978	41354	1
query	1979	43622	1
query	1980	41733	1
query	1981	56191	1
query	1982	57275	1
query	1983	67935	1
query	1984	77807	1
query	1985	90091	1
query	1986	102128	1
query	1987	104288	1
query	1988	107844	1
query	1989	121987	1
query	1990	145291	1
query	1991	142492	1
query	1992	155786	1
query	1993	165835	1
query	1994	176887	1
query	1995	184450	1
query	1996	187765	1
query	1997	247066	1
query	1998	231663	1
query	1999	294048	1
query	2000	282067	1
query	2001	314213	1
query	2002	369739	1
query	2003	497595	1
query	2004	459494	1
query	2005	415865	1
query	2006	450046	1
query	2007	394579	1
query	2008	397310	1
query	2009	394407	1
query	2010	457478	1
query	2011	399576	1
query	2012	420078	1
query	2013	408462	1
query	2014	280861	1
query	2015	261512	1
query	2016	267186	1
query	2017	211315	1
query	2018	212466	1
query	2019	177916	1
quick	1800	7606	1
quick	1801	6625	1
quick	1802	5807	1
quick	1803	7797	1
quick	1804	7728	1
quick	1805	8391	1
quick	1806	9975	1
quick	1807	11887	1
quick	1808	13662	1
quick	1809	14584	1
quick	1810	17580	1
quick	1811	13532	1
quick	1812	13591	1
quick	1813	14548	1
quick	1814	11724	1
quick	1815	12674	1
quick	1816	13872	1
quick	1817	13533	1
quick	1818	14875	1
quick	1819	15815	1
quick	1820	17391	1
quick	1821	18095	1
quick	1822	20919	1
quick	1823	23454	1
quick	1824	25038	1
quick	1825	27498	1
quick	1826	23399	1
quick	1827	24651	1
quick	1828	23129	1
quick	1829	26183	1
quick	1830	28996	1
quick	1831	27713	1
quick	1832	36493	1
quick	1833	34099	1
quick	1834	33449	1
quick	1835	37679	1
quick	1836	37066	1
quick	1837	38853	1
quick	1838	38173	1
quick	1839	45124	1
quick	1840	41572	1
quick	1841	41697	1
quick	1842	45168	1
quick	1843	42244	1
quick	1844	48500	1
quick	1845	53673	1
quick	1846	47617	1
quick	1847	48944	1
quick	1848	49755	1
quick	1849	46873	1
quick	1850	55416	1
quick	1851	57375	1
quick	1852	62996	1
quick	1853	68247	1
quick	1854	72306	1
quick	1855	66335	1
quick	1856	68486	1
quick	1857	68666	1
quick	1858	61403	1
quick	1859	67415	1
quick	1860	72118	1
quick	1861	57447	1
quick	1862	59440	1
quick	1863	56297	1
quick	1864	62729	1
quick	1865	64066	1
quick	1866	76519	1
quick	1867	71245	1
quick	1868	75622	1
quick	1869	75101	1
quick	1870	73898	1
quick	1871	71658	1
quick	1872	79143	1
quick	1873	77218	1
quick	1874	80097	1
quick	1875	79179	1
quick	1876	80249	1
quick	1877	75459	1
quick	1878	78723	1
quick	1879	80433	1
quick	1880	93488	1
quick	1881	87589	1
quick	1882	94188	1
quick	1883	101513	1
quick	1884	102195	1
quick	1885	100263	1
quick	1886	96324	1
quick	1887	105467	1
quick	1888	116652	1
quick	1889	121678	1
quick	1890	123360	1
quick	1891	125664	1
quick	1892	138334	1
quick	1893	139680	1
quick	1894	134911	1
quick	1895	148571	1
quick	1896	161593	1
quick	1897	156411	1
quick	1898	173470	1
quick	1899	203949	1
quick	1900	205759	1
quick	1901	196995	1
quick	1902	196235	1
quick	1903	193730	1
quick	1904	203603	1
quick	1905	200157	1
quick	1906	211117	1
quick	1907	211764	1
quick	1908	222948	1
quick	1909	222422	1
quick	1910	237278	1
quick	1911	243588	1
quick	1912	253619	1
quick	1913	244815	1
quick	1914	247998	1
quick	1915	233858	1
quick	1916	238425	1
quick	1917	243050	1
quick	1918	225986	1
quick	1919	242855	1
quick	1920	265759	1
quick	1921	255639	1
quick	1922	258623	1
quick	1923	146283	1
quick	1924	118505	1
quick	1925	133084	1
quick	1926	132240	1
quick	1927	135154	1
quick	1928	140724	1
quick	1929	142521	1
quick	1930	144919	1
quick	1931	139878	1
quick	1932	124581	1
quick	1933	111090	1
quick	1934	118402	1
quick	1935	129101	1
quick	1936	136374	1
quick	1937	141737	1
quick	1938	141326	1
quick	1939	145664	1
quick	1940	144682	1
quick	1941	148432	1
quick	1942	145210	1
quick	1943	140028	1
quick	1944	145248	1
quick	1945	150289	1
quick	1946	176060	1
quick	1947	191098	1
quick	1948	191190	1
quick	1949	201433	1
quick	1950	211294	1
quick	1951	210237	1
quick	1952	214612	1
quick	1953	211392	1
quick	1954	215358	1
quick	1955	219487	1
quick	1956	222684	1
quick	1957	228151	1
quick	1958	235674	1
quick	1959	241340	1
quick	1960	245342	1
quick	1961	261916	1
quick	1962	276220	1
quick	1963	289047	1
quick	1964	263754	1
quick	1965	289107	1
quick	1966	301402	1
quick	1967	325059	1
quick	1968	335980	1
quick	1969	328099	1
quick	1970	325302	1
quick	1971	310730	1
quick	1972	302382	1
quick	1973	304154	1
quick	1974	304308	1
quick	1975	303082	1
quick	1976	317523	1
quick	1977	328909	1
quick	1978	326133	1
quick	1979	328817	1
quick	1980	348042	1
quick	1981	338204	1
quick	1982	348489	1
quick	1983	374532	1
quick	1984	397210	1
quick	1985	400446	1
quick	1986	435768	1
quick	1987	421796	1
quick	1988	432859	1
quick	1989	456251	1
quick	1990	472249	1
quick	1991	461875	1
quick	1992	480940	1
quick	1993	478341	1
quick	1994	494936	1
quick	1995	510022	1
quick	1996	519462	1
quick	1997	531221	1
quick	1998	548622	1
quick	1999	571783	1
quick	2000	682347	1
quick	2001	689843	1
quick	2002	758073	1
quick	2003	815406	1
quick	2004	871513	1
quick	2005	835821	1
quick	2006	892804	1
quick	2007	958479	1
quick	2008	1050138	1
quick	2009	1121688	1
quick	2010	1140784	1
quick	2011	1278321	1
quick	2012	1518004	1
quick	2013	1530773	1
quick	2014	1596042	1
quick	2015	1341900	1
quick	2016	1251900	1
quick	2017	1394023	1
quick	2018	1281530	1
quick	2019	1091459	1
request	1800	10714	1
request	1801	11273	1
request	1802	11477	1
request	1803	14142	1
request	1804	15726	1
request	1805	16204	1
request	1806	20089	1
request	1807	21406	1
request	1808	28222	1
request	1809	28255	1
request	1810	33168	1
request	1811	30719	1
request	1812	38104	1
request	1813	32981	1
request	1814	32304	1
request	1815	28611	1
request	1816	36934	1
request	1817	36478	1
request	1818	39464	1
request	1819	37027	1
request	1820	45546	1
request	1821	44060	1
request	1822	47854	1
request	1823	48108	1
request	1824	61727	1
request	1825	62330	1
request	1826	51258	1
request	1827	55177	1
request	1828	56392	1
request	1829	58619	1
request	1830	70743	1
request	1831	64548	1
request	1832	148035	1
request	1833	77557	1
request	1834	88338	1
request	1835	90539	1
request	1836	89148	1
request	1837	98356	1
request	1838	97209	1
request	1839	102113	1
request	1840	101994	1
request	1841	95101	1
request	1842	93152	1
request	1843	93924	1
request	1844	106499	1
request	1845	113907	1
request	1846	112889	1
request	1847	109304	1
request	1848	109157	1
request	1849	107678	1
request	1850	112872	1
request	1851	129018	1
request	1852	140619	1
request	1853	160330	1
request	1854	148724	1
request	1855	138972	1
request	1856	143593	1
request	1857	137857	1
request	1858	140843	1
request	1859	147283	1
request	1860	151438	1
request	1861	121326	1
request	1862	108131	1
request	1863	117355	1
request	1864	126633	1
request	1865	132497	1
request	1866	146774	1
request	1867	143694	1
request	1868	157285	1
request	1869	153834	1
request	1870	161536	1
request	1871	159208	1
request	1872	186252	1
request	1873	165944	1
request	1874	172705	1
request	1875	173075	1
request	1876	177612	1
request	1877	176231	1
request	1878	165289	1
request	1879	186394	1
request	1880	205908	1
request	1881	195240	1
request	1882	201853	1
request	1883	208918	1
request	1884	229653	1
request	1885	219950	1
request	1886	236167	1
request	1887	248820	1
request	1888	267583	1
request	1889	291923	1
request	1890	269288	1
request	1891	283371	1
request	1892	302094	1
request	1893	305183	1
request	1894	291988	1
request	1895	361791	1
request	1896	333461	1
request	1897	370133	1
request	1898	356770	1
request	1899	404413	1
request	1900	415288	1
request	1901	438794	1
request	1902	435778	1
request	1903	428273	1
request	1904	463895	1
request	1905	473567	1
request	1906	527806	1
request	1907	512046	1
request	1908	552334	1
request	1909	539972	1
request	1910	563866	1
request	1911	603911	1
request	1912	627330	1
request	1913	664691	1
request	1914	660841	1
request	1915	666539	1
request	1916	684648	1
request	1917	692075	1
request	1918	634886	1
request	1919	688234	1
request	1920	703233	1
request	1921	698146	1
request	1922	683085	1
request	1923	422615	1
request	1924	353145	1
request	1925	400336	1
request	1926	386112	1
request	1927	389052	1
request	1928	409812	1
request	1929	434384	1
request	1930	411771	1
request	1931	440041	1
request	1932	387110	1
request	1933	357645	1
request	1934	382544	1
request	1935	422952	1
request	1936	460757	1
request	1937	453432	1
request	1938	458452	1
request	1939	563326	1
request	1940	512521	1
request	1941	613062	1
request	1942	478522	1
request	1943	522719	1
request	1944	467090	1
request	1945	562379	1
request	1946	638488	1
request	1947	708749	1
request	1948	675855	1
request	1949	783786	1
request	1950	722790	1
request	1951	744466	1
request	1952	689342	1
request	1953	743559	1
request	1954	760262	1
request	1955	815089	1
request	1956	780848	1
request	1957	887803	1
request	1958	815526	1
request	1959	914824	1
request	1960	881795	1
request	1961	989660	1
request	1962	1009484	1
request	1963	1078476	1
request	1964	1037561	1
request	1965	1233887	1
request	1966	1239997	1
request	1967	1458308	1
request	1968	1358787	1
request	1969	1450206	1
request	1970	1391190	1
request	1971	1438971	1
request	1972	1417384	1
request	1973	1581615	1
request	1974	1569733	1
request	1975	1683469	1
request	1976	1861188	1
request	1977	1797731	1
request	1978	1807435	1
request	1979	1820368	1
request	1980	1769514	1
request	1981	1941468	1
request	1982	1695550	1
request	1983	1747254	1
request	1984	1842337	1
request	1985	1862354	1
request	1986	1755553	1
request	1987	1838506	1
request	1988	1885185	1
request	1989	1886951	1
request	1990	1945251	1
request	1991	1970745	1
request	1992	1990435	1
request	1993	1874772	1
request	1994	1978399	1
request	1995	2199453	1
request	1996	2083643	1
request	1997	2119997	1
request	1998	2128173	1
request	1999	2150112	1
request	2000	2230305	1
request	2001	2220019	1
request	2002	2216194	1
request	2003	2334812	1
request	2004	2250051	1
request	2005	2049552	1
request	2006	2055951	1
request	2007	1967715	1
request	2008	2028704	1
request	2009	1783342	1
request	2010	1547088	1
request	2011	1410689	1
request	2012	1528986	1
request	2013	1477837	1
request	2014	1364028	1
request	2015	1053075	1
request	2016	1015994	1
request	2017	990628	1
request	2018	1054120	1
request	2019	846450	1
